critical_care_activity_code_key,code_kind,code,description,valid_from,valid_to,is_current,first_fetch_run_id,loaded_at,loaded_by,updated_at,updated_by
1,national,01,Respiratory support via a tracheal tube (Respiratory support via a tracheal tube provided),1900-01-01T00:00:00.000000+00:00,,true,3,2026-09-12T21:50:58.303823+00:00,databot,,
2,national,02,Nasal Continuous Positive Airway Pressure (nCPAP) ( PATIENT receiving nCPAP for any part of the day),1900-01-01T00:00:00.000000+00:00,,true,3,2026-09-12T21:50:58.303823+00:00,databot,,
3,national,03,Surgery ( PATIENT received surgery),1900-01-01T00:00:00.000000+00:00,,true,3,2026-09-12T21:50:58.303823+00:00,databot,,
4,national,04,Exchange Transfusion ( PATIENT received exchange transfusion),1900-01-01T00:00:00.000000+00:00,,true,3,2026-09-12T21:50:58.303823+00:00,databot,,
5,national,05,Peritoneal Dialysis ( PATIENT received Peritoneal Dialysis),1900-01-01T00:00:00.000000+00:00,,true,3,2026-09-12T21:50:58.303823+00:00,databot,,
6,national,06,"Continuous infusion of inotrope, pulmonary vasodilator or prostaglandin ( PATIENT received a continuous infusion of an inotrope, vasodilator (includes pulmonary vasodilators) or prostaglandin)",1900-01-01T00:00:00.000000+00:00,,true,3,2026-09-12T21:50:58.303823+00:00,databot,,
7,national,07,Parenteral Nutrition ( PATIENT receiving Parenteral Nutrition (amino acids +/- lipids)),1900-01-01T00:00:00.000000+00:00,,true,3,2026-09-12T21:50:58.303823+00:00,databot,,
8,national,08,Convulsions ( PATIENT having convulsions requiring treatment),1900-01-01T00:00:00.000000+00:00,,true,3,2026-09-12T21:50:58.303823+00:00,databot,,
9,national,09,Oxygen Therapy ( PATIENT receiving additional oxygen),1900-01-01T00:00:00.000000+00:00,,true,3,2026-09-12T21:50:58.303823+00:00,databot,,
10,national,10,Neonatal abstinence syndrome ( PATIENT receiving drug treatment for neonatal abstinence (withdrawal) syndrome),1900-01-01T00:00:00.000000+00:00,,true,3,2026-09-12T21:50:58.303823+00:00,databot,,
11,national,11,Care of an intra-arterial catheter or chest drain ( PATIENT receiving care of an intra-arterial catheter or chest drain),1900-01-01T00:00:00.000000+00:00,,true,3,2026-09-12T21:50:58.303823+00:00,databot,,
12,national,12,Dilution Exchange Transfusion ( PATIENT received Dilution Exchange Transfusion),1900-01-01T00:00:00.000000+00:00,,true,3,2026-09-12T21:50:58.303823+00:00,databot,,
13,national,13,Tracheostomy cared for by nursing staff ( PATIENT receiving care of tracheostomy cared for by nursing staff not by an external Carer (e.g. parent)),1900-01-01T00:00:00.000000+00:00,,true,3,2026-09-12T21:50:58.303823+00:00,databot,,
14,national,14,Tracheostomy cared for by external Carer ( PATIENT receiving care of tracheostomy cared for by an external Carer (e.g. parent) not by a NURSE),1900-01-01T00:00:00.000000+00:00,,true,3,2026-09-12T21:50:58.303823+00:00,databot,,
15,national,15,"Recurrent apnoea ( PATIENT has recurrent apnoea needing frequent intervention, i.e. over 5 stimulations in 8 hours, or resuscitation with IPPV two or more times in 24 hours)",1900-01-01T00:00:00.000000+00:00,,true,3,2026-09-12T21:50:58.303823+00:00,databot,,
16,national,16,Haemofiltration ( PATIENT received Haemofiltration),1900-01-01T00:00:00.000000+00:00,,true,3,2026-09-12T21:50:58.303823+00:00,databot,,
17,national,21,"Carer Resident - Caring for Baby (External Carer (for example, parent) resident with the baby and reducing nursing required by caring for the baby)",1900-01-01T00:00:00.000000+00:00,,true,3,2026-09-12T21:50:58.303823+00:00,databot,,
18,national,22,"Continuous monitoring ( PATIENT requiring continuous monitoring (by mechanical monitoring equipment) of respiration or heart rate, or by transcutaneous transducers or by Saturation Monitors. Note: apnoea alarms and monitors are excluded as forms of continuous monitoring)",1900-01-01T00:00:00.000000+00:00,,true,3,2026-09-12T21:50:58.303823+00:00,databot,,
19,national,23,Intravenous glucose and electrolyte solutions ( PATIENT being given intravenous glucose and electrolyte solutions),1900-01-01T00:00:00.000000+00:00,,true,3,2026-09-12T21:50:58.303823+00:00,databot,,
20,national,24,Tube-fed ( PATIENT being tube-fed),1900-01-01T00:00:00.000000+00:00,,true,3,2026-09-12T21:50:58.303823+00:00,databot,,
21,national,25,Barrier nursed ( PATIENT being barrier nursed),1900-01-01T00:00:00.000000+00:00,,true,3,2026-09-12T21:50:58.303823+00:00,databot,,
22,national,26,Phototherapy ( PATIENT receiving phototherapy),1900-01-01T00:00:00.000000+00:00,,true,3,2026-09-12T21:50:58.303823+00:00,databot,,
23,national,27,Special monitoring ( PATIENT receiving special monitoring of blood glucose or serum bilirubin measurement at a minimum frequency of more than one per calendar day),1900-01-01T00:00:00.000000+00:00,,true,3,2026-09-12T21:50:58.303823+00:00,databot,,
24,national,28,"Observations at regular intervals ( PATIENT requiring recorded observations for Temperature, Heart Rate, Respiratory Rate, Blood Pressure or scoring for neonatal abstinence syndrome. Recorded observations must be at a minimum frequency of 4 hourly)",1900-01-01T00:00:00.000000+00:00,,true,3,2026-09-12T21:50:58.303823+00:00,databot,,
25,national,29,Intravenous medication ( PATIENT receiving intravenous medication),1900-01-01T00:00:00.000000+00:00,,true,3,2026-09-12T21:50:58.303823+00:00,databot,,
26,national,50,Continuous electrocardiogram monitoring,1900-01-01T00:00:00.000000+00:00,,true,3,2026-09-12T21:50:58.303823+00:00,databot,,
27,national,51,Invasive ventilation via endotracheal tube,1900-01-01T00:00:00.000000+00:00,,true,3,2026-09-12T21:50:58.303823+00:00,databot,,
28,national,52,Invasive ventilation via tracheostomy tube,1900-01-01T00:00:00.000000+00:00,,true,3,2026-09-12T21:50:58.303823+00:00,databot,,
29,national,53,Non-invasive ventilatory support,1900-01-01T00:00:00.000000+00:00,,true,3,2026-09-12T21:50:58.303823+00:00,databot,,
30,national,55,Nasopharyngeal airway,1900-01-01T00:00:00.000000+00:00,,true,3,2026-09-12T21:50:58.303823+00:00,databot,,
31,national,56,Advanced ventilatory support (Jet or Oscillatory ventilation),1900-01-01T00:00:00.000000+00:00,,true,3,2026-09-12T21:50:58.303823+00:00,databot,,
32,national,57,Upper airway obstruction requiring nebulised Epinephrine/ Adrenaline,1900-01-01T00:00:00.000000+00:00,,true,3,2026-09-12T21:50:58.303823+00:00,databot,,
33,national,58,Apnoea requiring intervention,1900-01-01T00:00:00.000000+00:00,,true,3,2026-09-12T21:50:58.303823+00:00,databot,,
34,national,59,Acute severe asthma requiring intravenous bronchodilator therapy or continuous nebuliser,1900-01-01T00:00:00.000000+00:00,,true,3,2026-09-12T21:50:58.303823+00:00,databot,,
35,national,60,Arterial line monitoring,1900-01-01T00:00:00.000000+00:00,,true,3,2026-09-12T21:50:58.303823+00:00,databot,,
36,national,61,Cardiac pacing via an external box (pacing wires or external pads or oesophageal pacing),1900-01-01T00:00:00.000000+00:00,,true,3,2026-09-12T21:50:58.303823+00:00,databot,,
37,national,62,Central venous pressure monitoring,1900-01-01T00:00:00.000000+00:00,,true,3,2026-09-12T21:50:58.303823+00:00,databot,,
38,national,63,Bolus intravenous fluids (> 80 ml/kg/day) in addition to maintenance intravenous fluids,1900-01-01T00:00:00.000000+00:00,,true,3,2026-09-12T21:50:58.303823+00:00,databot,,
39,national,64,Cardio-pulmonary resuscitation (CPR),1900-01-01T00:00:00.000000+00:00,,true,3,2026-09-12T21:50:58.303823+00:00,databot,,
40,national,65,Extracorporeal membrane oxygenation (ECMO) or Ventricular Assist Device (VAD) or aortic balloon pump,1900-01-01T00:00:00.000000+00:00,,true,3,2026-09-12T21:50:58.303823+00:00,databot,,
41,national,66,Haemodialysis (acute PATIENTS only i.e. excluding chronic),1900-01-01T00:00:00.000000+00:00,,true,3,2026-09-12T21:50:58.303823+00:00,databot,,
42,national,67,Plasma filtration or Plasma exchange,1900-01-01T00:00:00.000000+00:00,,true,3,2026-09-12T21:50:58.303823+00:00,databot,,
43,national,68,ICP-intracranial pressure monitoring,1900-01-01T00:00:00.000000+00:00,,true,3,2026-09-12T21:50:58.303823+00:00,databot,,
44,national,69,Intraventricular catheter or external ventricular drain,1900-01-01T00:00:00.000000+00:00,,true,3,2026-09-12T21:50:58.303823+00:00,databot,,
45,national,70,Diabetic ketoacidosis (DKA) requiring continuous infusion of insulin,1900-01-01T00:00:00.000000+00:00,,true,3,2026-09-12T21:50:58.303823+00:00,databot,,
46,national,71,Intravenous infusion of thrombolytic agent (limited to tissue plasminogen activator [tPA] and streptokinase),1900-01-01T00:00:00.000000+00:00,,true,3,2026-09-12T21:50:58.303823+00:00,databot,,
47,national,72,Extracorporeal liver support using Molecular Absorbent Liver Recirculating System (MARS),1900-01-01T00:00:00.000000+00:00,,true,3,2026-09-12T21:50:58.303823+00:00,databot,,
48,national,73,Continuous pulse oximetry,1900-01-01T00:00:00.000000+00:00,,true,3,2026-09-12T21:50:58.303823+00:00,databot,,
49,national,74,PATIENT nursed in single occupancy cubicle,1900-01-01T00:00:00.000000+00:00,,true,3,2026-09-12T21:50:58.303823+00:00,databot,,
50,national,80,Heated Humidified High Flow Therapy (HHHFT) ( PATIENT receiving HHHFT),1900-01-01T00:00:00.000000+00:00,,true,3,2026-09-12T21:50:58.303823+00:00,databot,,
51,national,81,Presence of an umbilical venous line,1900-01-01T00:00:00.000000+00:00,,true,3,2026-09-12T21:50:58.303823+00:00,databot,,
52,national,82,Continuous infusion of insulin ( PATIENT receiving a continuous infusion of insulin),1900-01-01T00:00:00.000000+00:00,,true,3,2026-09-12T21:50:58.303823+00:00,databot,,
53,national,83,Therapeutic hypothermia ( PATIENT receiving therapeutic hypothermia),1900-01-01T00:00:00.000000+00:00,,true,3,2026-09-12T21:50:58.303823+00:00,databot,,
54,national,84,PATIENT has a Replogle tube in situ,1900-01-01T00:00:00.000000+00:00,,true,3,2026-09-12T21:50:58.303823+00:00,databot,,
55,national,85,PATIENT has an epidural catheter in situ,1900-01-01T00:00:00.000000+00:00,,true,3,2026-09-12T21:50:58.303823+00:00,databot,,
56,national,86,PATIENT has an abdominal silo,1900-01-01T00:00:00.000000+00:00,,true,3,2026-09-12T21:50:58.303823+00:00,databot,,
57,national,87,Administration of intravenous (IV) blood products,1900-01-01T00:00:00.000000+00:00,,true,3,2026-09-12T21:50:58.303823+00:00,databot,,
58,national,88,PATIENT has a central venous or long line (Peripherally Inserted Central Catheter line) in situ,1900-01-01T00:00:00.000000+00:00,,true,3,2026-09-12T21:50:58.303823+00:00,databot,,
59,national,89,PATIENT has an indwelling urinary or suprapubic catheter in situ,1900-01-01T00:00:00.000000+00:00,,true,3,2026-09-12T21:50:58.303823+00:00,databot,,
60,national,90,PATIENT has a trans-anastomotic tube in situ following oesophageal atresia repair,1900-01-01T00:00:00.000000+00:00,,true,3,2026-09-12T21:50:58.303823+00:00,databot,,
61,national,91,PATIENT has confirmed clinical seizure(s) today and/or continuous cerebral function monitoring (CFM),1900-01-01T00:00:00.000000+00:00,,true,3,2026-09-12T21:50:58.303823+00:00,databot,,
62,national,92,PATIENT has a ventricular tap via needle or reservoir today,1900-01-01T00:00:00.000000+00:00,,true,3,2026-09-12T21:50:58.303823+00:00,databot,,
63,national,93,PATIENT has a stoma,1900-01-01T00:00:00.000000+00:00,,true,3,2026-09-12T21:50:58.303823+00:00,databot,,
64,national,94,PATIENT has arrhythmia requiring intravenous anti-arrhythmic therapy,1900-01-01T00:00:00.000000+00:00,,true,3,2026-09-12T21:50:58.303823+00:00,databot,,
65,national,95,PATIENT has reduced conscious level (Glasgow Coma Score 12 or below) and hourly (or more frequent) Glasgow Coma Score monitoring,1900-01-01T00:00:00.000000+00:00,,true,3,2026-09-12T21:50:58.303823+00:00,databot,,
66,national,96,Intravenous infusion of sedative agent ( PATIENT receiving continuous intravenous infusion of sedative agent),1900-01-01T00:00:00.000000+00:00,,true,3,2026-09-12T21:50:58.303823+00:00,databot,,
67,national,97,PATIENT has status epilepticus requiring treatment with continuous intravenous infusion,1900-01-01T00:00:00.000000+00:00,,true,3,2026-09-12T21:50:58.303823+00:00,databot,,
68,national,99,"No Defined Critical Care Activity ( PATIENT is not receiving any of the critical care interventions listed above (Excluding code 21). For example, PATIENT is on the Intensive Care Unit ready for discharge and is receiving normal care. This is the default code.",1900-01-01T00:00:00.000000+00:00,,true,3,2026-09-12T21:50:58.303823+00:00,databot,,
