main_specialty_code_key,code_kind,code,description,valid_from,valid_to,is_current,first_fetch_run_id,loaded_at,loaded_by,updated_at,updated_by
3,national,100,General Surgery,1900-01-01T00:00:00.000000+00:00,,true,3,2026-09-12T21:50:58.303823+00:00,databot,,
4,national,101,Urology,1900-01-01T00:00:00.000000+00:00,,true,3,2026-09-12T21:50:58.303823+00:00,databot,,
5,national,107,Vascular Surgery,1900-01-01T00:00:00.000000+00:00,,true,3,2026-09-12T21:50:58.303823+00:00,databot,,
6,national,110,Trauma and Orthopaedics,1900-01-01T00:00:00.000000+00:00,,true,3,2026-09-12T21:50:58.303823+00:00,databot,,
7,national,120,Ear Nose and Throat,1900-01-01T00:00:00.000000+00:00,,true,3,2026-09-12T21:50:58.303823+00:00,databot,,
8,national,130,Ophthalmology,1900-01-01T00:00:00.000000+00:00,,true,3,2026-09-12T21:50:58.303823+00:00,databot,,
9,national,140,Oral Surgery,1900-01-01T00:00:00.000000+00:00,,true,3,2026-09-12T21:50:58.303823+00:00,databot,,
10,national,141,Restorative Dentistry,1900-01-01T00:00:00.000000+00:00,,true,3,2026-09-12T21:50:58.303823+00:00,databot,,
11,national,142,Paediatric Dentistry,1900-01-01T00:00:00.000000+00:00,,true,3,2026-09-12T21:50:58.303823+00:00,databot,,
12,national,143,Orthodontics,1900-01-01T00:00:00.000000+00:00,,true,3,2026-09-12T21:50:58.303823+00:00,databot,,
13,national,145,Oral and Maxillofacial Surgery,1900-01-01T00:00:00.000000+00:00,,true,3,2026-09-12T21:50:58.303823+00:00,databot,,
14,national,146,Endodontics,1900-01-01T00:00:00.000000+00:00,,true,3,2026-09-12T21:50:58.303823+00:00,databot,,
15,national,147,Periodontics,1900-01-01T00:00:00.000000+00:00,,true,3,2026-09-12T21:50:58.303823+00:00,databot,,
16,national,148,Prosthodontics,1900-01-01T00:00:00.000000+00:00,,true,3,2026-09-12T21:50:58.303823+00:00,databot,,
17,national,149,Surgical Dentistry,1900-01-01T00:00:00.000000+00:00,,true,3,2026-09-12T21:50:58.303823+00:00,databot,,
18,national,150,Neurosurgery,1900-01-01T00:00:00.000000+00:00,,true,3,2026-09-12T21:50:58.303823+00:00,databot,,
19,national,160,Plastic Surgery,1900-01-01T00:00:00.000000+00:00,,true,3,2026-09-12T21:50:58.303823+00:00,databot,,
20,national,170,Cardiothoracic Surgery,1900-01-01T00:00:00.000000+00:00,,true,3,2026-09-12T21:50:58.303823+00:00,databot,,
21,national,171,Paediatric Surgery,1900-01-01T00:00:00.000000+00:00,,true,3,2026-09-12T21:50:58.303823+00:00,databot,,
22,national,180,Emergency Medicine,1900-01-01T00:00:00.000000+00:00,,true,3,2026-09-12T21:50:58.303823+00:00,databot,,
23,national,190,Anaesthetics,1900-01-01T00:00:00.000000+00:00,,true,3,2026-09-12T21:50:58.303823+00:00,databot,,
24,national,191,Pain Management (Retired 1 April 2004),1900-01-01T00:00:00.000000+00:00,,true,3,2026-09-12T21:50:58.303823+00:00,databot,,
25,national,192,Intensive Care Medicine,1900-01-01T00:00:00.000000+00:00,,true,3,2026-09-12T21:50:58.303823+00:00,databot,,
26,national,200,Aviation and Space Medicine,1900-01-01T00:00:00.000000+00:00,,true,3,2026-09-12T21:50:58.303823+00:00,databot,,
27,national,300,General Internal Medicine,1900-01-01T00:00:00.000000+00:00,,true,3,2026-09-12T21:50:58.303823+00:00,databot,,
28,national,301,Gastroenterology,1900-01-01T00:00:00.000000+00:00,,true,3,2026-09-12T21:50:58.303823+00:00,databot,,
29,national,302,Endocrinology and Diabetes,1900-01-01T00:00:00.000000+00:00,,true,3,2026-09-12T21:50:58.303823+00:00,databot,,
30,national,303,Clinical Haematology,1900-01-01T00:00:00.000000+00:00,,true,3,2026-09-12T21:50:58.303823+00:00,databot,,
31,national,304,Clinical Physiology,1900-01-01T00:00:00.000000+00:00,,true,3,2026-09-12T21:50:58.303823+00:00,databot,,
32,national,305,Clinical Pharmacology,1900-01-01T00:00:00.000000+00:00,,true,3,2026-09-12T21:50:58.303823+00:00,databot,,
33,national,310,Audio Vestibular Medicine,1900-01-01T00:00:00.000000+00:00,,true,3,2026-09-12T21:50:58.303823+00:00,databot,,
34,national,311,Clinical Genetics,1900-01-01T00:00:00.000000+00:00,,true,3,2026-09-12T21:50:58.303823+00:00,databot,,
35,national,312,CLINICAL CYTOGENETICS and MOLECULAR GENETICS (Retired 1 April 2010) National Code 312 is retained for CONSULTANTS qualified in this Main Specialty prior to 1 April 2010,1900-01-01T00:00:00.000000+00:00,,true,3,2026-09-12T21:50:58.303823+00:00,databot,,
36,national,313,Clinical Immunology,1900-01-01T00:00:00.000000+00:00,,true,3,2026-09-12T21:50:58.303823+00:00,databot,,
37,national,314,Rehabilitation Medicine,1900-01-01T00:00:00.000000+00:00,,true,3,2026-09-12T21:50:58.303823+00:00,databot,,
38,national,315,Palliative Medicine,1900-01-01T00:00:00.000000+00:00,,true,3,2026-09-12T21:50:58.303823+00:00,databot,,
39,national,317,Allergy,1900-01-01T00:00:00.000000+00:00,,true,3,2026-09-12T21:50:58.303823+00:00,databot,,
40,national,320,Cardiology,1900-01-01T00:00:00.000000+00:00,,true,3,2026-09-12T21:50:58.303823+00:00,databot,,
41,national,321,Paediatric Cardiology,1900-01-01T00:00:00.000000+00:00,,true,3,2026-09-12T21:50:58.303823+00:00,databot,,
42,national,325,Sport and Exercise Medicine,1900-01-01T00:00:00.000000+00:00,,true,3,2026-09-12T21:50:58.303823+00:00,databot,,
43,national,326,Acute Internal Medicine,1900-01-01T00:00:00.000000+00:00,,true,3,2026-09-12T21:50:58.303823+00:00,databot,,
44,national,330,Dermatology,1900-01-01T00:00:00.000000+00:00,,true,3,2026-09-12T21:50:58.303823+00:00,databot,,
45,national,340,Respiratory Medicine,1900-01-01T00:00:00.000000+00:00,,true,3,2026-09-12T21:50:58.303823+00:00,databot,,
46,national,350,Infectious Diseases,1900-01-01T00:00:00.000000+00:00,,true,3,2026-09-12T21:50:58.303823+00:00,databot,,
47,national,352,Tropical Medicine,1900-01-01T00:00:00.000000+00:00,,true,3,2026-09-12T21:50:58.303823+00:00,databot,,
48,national,360,Genitourinary Medicine,1900-01-01T00:00:00.000000+00:00,,true,3,2026-09-12T21:50:58.303823+00:00,databot,,
49,national,361,Renal Medicine,1900-01-01T00:00:00.000000+00:00,,true,3,2026-09-12T21:50:58.303823+00:00,databot,,
50,national,370,Medical Oncology,1900-01-01T00:00:00.000000+00:00,,true,3,2026-09-12T21:50:58.303823+00:00,databot,,
51,national,371,Nuclear Medicine,1900-01-01T00:00:00.000000+00:00,,true,3,2026-09-12T21:50:58.303823+00:00,databot,,
52,national,400,Neurology,1900-01-01T00:00:00.000000+00:00,,true,3,2026-09-12T21:50:58.303823+00:00,databot,,
53,national,401,Clinical Neurophysiology,1900-01-01T00:00:00.000000+00:00,,true,3,2026-09-12T21:50:58.303823+00:00,databot,,
54,national,410,Rheumatology,1900-01-01T00:00:00.000000+00:00,,true,3,2026-09-12T21:50:58.303823+00:00,databot,,
55,national,420,Paediatrics,1900-01-01T00:00:00.000000+00:00,,true,3,2026-09-12T21:50:58.303823+00:00,databot,,
56,national,421,Paediatric Neurology,1900-01-01T00:00:00.000000+00:00,,true,3,2026-09-12T21:50:58.303823+00:00,databot,,
57,national,430,Geriatric Medicine,1900-01-01T00:00:00.000000+00:00,,true,3,2026-09-12T21:50:58.303823+00:00,databot,,
58,national,450,Dental Medicine,1900-01-01T00:00:00.000000+00:00,,true,3,2026-09-12T21:50:58.303823+00:00,databot,,
59,national,451,Special Care Dentistry,1900-01-01T00:00:00.000000+00:00,,true,3,2026-09-12T21:50:58.303823+00:00,databot,,
60,national,460,Medical Ophthalmology,1900-01-01T00:00:00.000000+00:00,,true,3,2026-09-12T21:50:58.303823+00:00,databot,,
61,national,500,Obstetrics and Gynaecology National Code 500 is not acceptable for Central Returns including Hospital Episode Statistics,1900-01-01T00:00:00.000000+00:00,,true,3,2026-09-12T21:50:58.303823+00:00,databot,,
62,national,501,Obstetrics,1900-01-01T00:00:00.000000+00:00,,true,3,2026-09-12T21:50:58.303823+00:00,databot,,
63,national,502,Gynaecology,1900-01-01T00:00:00.000000+00:00,,true,3,2026-09-12T21:50:58.303823+00:00,databot,,
64,national,504,Community Sexual and Reproductive Health,1900-01-01T00:00:00.000000+00:00,,true,3,2026-09-12T21:50:58.303823+00:00,databot,,
65,national,510,Antenatal Clinic (Retired 1 April 2004),1900-01-01T00:00:00.000000+00:00,,true,3,2026-09-12T21:50:58.303823+00:00,databot,,
66,national,520,Postnatal Clinic (Retired 1 April 2004),1900-01-01T00:00:00.000000+00:00,,true,3,2026-09-12T21:50:58.303823+00:00,databot,,
67,national,560,Midwifery,1900-01-01T00:00:00.000000+00:00,,true,3,2026-09-12T21:50:58.303823+00:00,databot,,
68,national,600,General Medical Practice,1900-01-01T00:00:00.000000+00:00,,true,3,2026-09-12T21:50:58.303823+00:00,databot,,
69,national,601,General Dental Practice,1900-01-01T00:00:00.000000+00:00,,true,3,2026-09-12T21:50:58.303823+00:00,databot,,
70,national,610,Maternity Function (Retired 1 April 2004),1900-01-01T00:00:00.000000+00:00,,true,3,2026-09-12T21:50:58.303823+00:00,databot,,
71,national,620,Other than Maternity (Retired 1 April 2004),1900-01-01T00:00:00.000000+00:00,,true,3,2026-09-12T21:50:58.303823+00:00,databot,,
72,national,700,Learning Disability,1900-01-01T00:00:00.000000+00:00,,true,3,2026-09-12T21:50:58.303823+00:00,databot,,
73,national,710,Adult Mental Illness,1900-01-01T00:00:00.000000+00:00,,true,3,2026-09-12T21:50:58.303823+00:00,databot,,
74,national,711,Child and Adolescent Psychiatry,1900-01-01T00:00:00.000000+00:00,,true,3,2026-09-12T21:50:58.303823+00:00,databot,,
75,national,712,Forensic Psychiatry,1900-01-01T00:00:00.000000+00:00,,true,3,2026-09-12T21:50:58.303823+00:00,databot,,
76,national,713,Medical Psychotherapy,1900-01-01T00:00:00.000000+00:00,,true,3,2026-09-12T21:50:58.303823+00:00,databot,,
77,national,715,Old Age Psychiatry,1900-01-01T00:00:00.000000+00:00,,true,3,2026-09-12T21:50:58.303823+00:00,databot,,
78,national,800,Clinical Oncology,1900-01-01T00:00:00.000000+00:00,,true,3,2026-09-12T21:50:58.303823+00:00,databot,,
79,national,810,Radiology,1900-01-01T00:00:00.000000+00:00,,true,3,2026-09-12T21:50:58.303823+00:00,databot,,
80,national,820,General Pathology,1900-01-01T00:00:00.000000+00:00,,true,3,2026-09-12T21:50:58.303823+00:00,databot,,
81,national,821,Blood Transfusion,1900-01-01T00:00:00.000000+00:00,,true,3,2026-09-12T21:50:58.303823+00:00,databot,,
82,national,822,Chemical Pathology,1900-01-01T00:00:00.000000+00:00,,true,3,2026-09-12T21:50:58.303823+00:00,databot,,
83,national,823,Haematology,1900-01-01T00:00:00.000000+00:00,,true,3,2026-09-12T21:50:58.303823+00:00,databot,,
84,national,824,Histopathology,1900-01-01T00:00:00.000000+00:00,,true,3,2026-09-12T21:50:58.303823+00:00,databot,,
85,national,830,Immunopathology,1900-01-01T00:00:00.000000+00:00,,true,3,2026-09-12T21:50:58.303823+00:00,databot,,
86,national,831,Medical Microbiology and Virology,1900-01-01T00:00:00.000000+00:00,,true,3,2026-09-12T21:50:58.303823+00:00,databot,,
87,national,832,Neuropathology (Retired 1 April 2004),1900-01-01T00:00:00.000000+00:00,,true,3,2026-09-12T21:50:58.303823+00:00,databot,,
88,national,833,Medical Microbiology,1900-01-01T00:00:00.000000+00:00,,true,3,2026-09-12T21:50:58.303823+00:00,databot,,
89,national,834,Medical Virology,1900-01-01T00:00:00.000000+00:00,,true,3,2026-09-12T21:50:58.303823+00:00,databot,,
90,national,900,Community Medicine,1900-01-01T00:00:00.000000+00:00,,true,3,2026-09-12T21:50:58.303823+00:00,databot,,
91,national,901,Occupational Medicine,1900-01-01T00:00:00.000000+00:00,,true,3,2026-09-12T21:50:58.303823+00:00,databot,,
92,national,902,Community Health Services Dental,1900-01-01T00:00:00.000000+00:00,,true,3,2026-09-12T21:50:58.303823+00:00,databot,,
93,national,903,Public Health Medicine,1900-01-01T00:00:00.000000+00:00,,true,3,2026-09-12T21:50:58.303823+00:00,databot,,
94,national,904,Public Health Dental,1900-01-01T00:00:00.000000+00:00,,true,3,2026-09-12T21:50:58.303823+00:00,databot,,
95,national,950,Nursing,1900-01-01T00:00:00.000000+00:00,,true,3,2026-09-12T21:50:58.303823+00:00,databot,,
96,national,960,Allied Health Professional,1900-01-01T00:00:00.000000+00:00,,true,3,2026-09-12T21:50:58.303823+00:00,databot,,
97,national,990,Joint Consultant Clinics (Retired 1 April 2004),1900-01-01T00:00:00.000000+00:00,,true,3,2026-09-12T21:50:58.303823+00:00,databot,,
1,default,199,"Non-UK provider; specialty function not known, treatment mainly surgical",1900-01-01T00:00:00.000000+00:00,,true,3,2026-09-12T21:50:58.303823+00:00,databot,,
2,default,499,"Non-UK provider; specialty function not known, treatment mainly medical",1900-01-01T00:00:00.000000+00:00,,true,3,2026-09-12T21:50:58.303823+00:00,databot,,
