treatment_function_code_key,code_kind,code,description,valid_from,valid_to,is_current,first_fetch_run_id,loaded_at,loaded_by,updated_at,updated_by
3,national,100,General Surgery Service,1900-01-01T00:00:00.000000+00:00,,true,3,2026-09-12T21:50:58.303823+00:00,databot,,
4,national,101,Urology Service,1900-01-01T00:00:00.000000+00:00,,true,3,2026-09-12T21:50:58.303823+00:00,databot,,
5,national,102,Transplant Surgery Service,1900-01-01T00:00:00.000000+00:00,,true,3,2026-09-12T21:50:58.303823+00:00,databot,,
6,national,103,Breast Surgery Service,1900-01-01T00:00:00.000000+00:00,,true,3,2026-09-12T21:50:58.303823+00:00,databot,,
7,national,104,Colorectal Surgery Service,1900-01-01T00:00:00.000000+00:00,,true,3,2026-09-12T21:50:58.303823+00:00,databot,,
8,national,105,Hepatobiliary and Pancreatic Surgery Service,1900-01-01T00:00:00.000000+00:00,,true,3,2026-09-12T21:50:58.303823+00:00,databot,,
9,national,106,Upper Gastrointestinal Surgery Service,1900-01-01T00:00:00.000000+00:00,,true,3,2026-09-12T21:50:58.303823+00:00,databot,,
10,national,107,Vascular Surgery Service,1900-01-01T00:00:00.000000+00:00,,true,3,2026-09-12T21:50:58.303823+00:00,databot,,
11,national,108,Spinal Surgery Service,1900-01-01T00:00:00.000000+00:00,,true,3,2026-09-12T21:50:58.303823+00:00,databot,,
12,national,109,Bariatric Surgery Service,1900-01-01T00:00:00.000000+00:00,,true,3,2026-09-12T21:50:58.303823+00:00,databot,,
13,national,110,Trauma and Orthopaedic Service,1900-01-01T00:00:00.000000+00:00,,true,3,2026-09-12T21:50:58.303823+00:00,databot,,
14,national,111,Orthopaedic Service,1900-01-01T00:00:00.000000+00:00,,true,3,2026-09-12T21:50:58.303823+00:00,databot,,
15,national,113,Endocrine Surgery Service,1900-01-01T00:00:00.000000+00:00,,true,3,2026-09-12T21:50:58.303823+00:00,databot,,
16,national,115,Trauma Surgery Service,1900-01-01T00:00:00.000000+00:00,,true,3,2026-09-12T21:50:58.303823+00:00,databot,,
17,national,120,Ear Nose and Throat Service,1900-01-01T00:00:00.000000+00:00,,true,3,2026-09-12T21:50:58.303823+00:00,databot,,
18,national,130,Ophthalmology Service,1900-01-01T00:00:00.000000+00:00,,true,3,2026-09-12T21:50:58.303823+00:00,databot,,
19,national,140,Oral Surgery Service,1900-01-01T00:00:00.000000+00:00,,true,3,2026-09-12T21:50:58.303823+00:00,databot,,
20,national,141,Restorative Dentistry Service,1900-01-01T00:00:00.000000+00:00,,true,3,2026-09-12T21:50:58.303823+00:00,databot,,
21,national,142,Paediatric Dentistry Service,1900-01-01T00:00:00.000000+00:00,,true,3,2026-09-12T21:50:58.303823+00:00,databot,,
22,national,143,Orthodontic Service,1900-01-01T00:00:00.000000+00:00,,true,3,2026-09-12T21:50:58.303823+00:00,databot,,
23,national,144,Maxillofacial Surgery Service,1900-01-01T00:00:00.000000+00:00,,true,3,2026-09-12T21:50:58.303823+00:00,databot,,
24,national,145,Oral and Maxillofacial Surgery Service,1900-01-01T00:00:00.000000+00:00,,true,3,2026-09-12T21:50:58.303823+00:00,databot,,
25,national,150,Neurosurgical Service,1900-01-01T00:00:00.000000+00:00,,true,3,2026-09-12T21:50:58.303823+00:00,databot,,
26,national,160,Plastic Surgery Service,1900-01-01T00:00:00.000000+00:00,,true,3,2026-09-12T21:50:58.303823+00:00,databot,,
27,national,161,Burns Care Service,1900-01-01T00:00:00.000000+00:00,,true,3,2026-09-12T21:50:58.303823+00:00,databot,,
28,national,170,Cardiothoracic Surgery Service,1900-01-01T00:00:00.000000+00:00,,true,3,2026-09-12T21:50:58.303823+00:00,databot,,
29,national,171,Paediatric Surgery Service,1900-01-01T00:00:00.000000+00:00,,true,3,2026-09-12T21:50:58.303823+00:00,databot,,
30,national,172,Cardiac Surgery Service,1900-01-01T00:00:00.000000+00:00,,true,3,2026-09-12T21:50:58.303823+00:00,databot,,
31,national,173,Thoracic Surgery Service,1900-01-01T00:00:00.000000+00:00,,true,3,2026-09-12T21:50:58.303823+00:00,databot,,
32,national,174,Cardiothoracic Transplantation Service,1900-01-01T00:00:00.000000+00:00,,true,3,2026-09-12T21:50:58.303823+00:00,databot,,
33,national,180,Emergency Medicine Service,1900-01-01T00:00:00.000000+00:00,,true,3,2026-09-12T21:50:58.303823+00:00,databot,,
34,national,190,Anaesthetic Service,1900-01-01T00:00:00.000000+00:00,,true,3,2026-09-12T21:50:58.303823+00:00,databot,,
35,national,191,Pain Management Service,1900-01-01T00:00:00.000000+00:00,,true,3,2026-09-12T21:50:58.303823+00:00,databot,,
36,national,192,Intensive Care Medicine Service,1900-01-01T00:00:00.000000+00:00,,true,3,2026-09-12T21:50:58.303823+00:00,databot,,
37,national,200,Aviation and Space Medicine Service,1900-01-01T00:00:00.000000+00:00,,true,3,2026-09-12T21:50:58.303823+00:00,databot,,
38,national,211,Paediatric Urology Service,1900-01-01T00:00:00.000000+00:00,,true,3,2026-09-12T21:50:58.303823+00:00,databot,,
39,national,212,Paediatric Transplantation Surgery Service,1900-01-01T00:00:00.000000+00:00,,true,3,2026-09-12T21:50:58.303823+00:00,databot,,
40,national,213,Paediatric Gastrointestinal Surgery Service,1900-01-01T00:00:00.000000+00:00,,true,3,2026-09-12T21:50:58.303823+00:00,databot,,
41,national,214,Paediatric Trauma and Orthopaedic Service,1900-01-01T00:00:00.000000+00:00,,true,3,2026-09-12T21:50:58.303823+00:00,databot,,
42,national,215,Paediatric Ear Nose and Throat Service,1900-01-01T00:00:00.000000+00:00,,true,3,2026-09-12T21:50:58.303823+00:00,databot,,
43,national,216,Paediatric Ophthalmology Service,1900-01-01T00:00:00.000000+00:00,,true,3,2026-09-12T21:50:58.303823+00:00,databot,,
44,national,217,Paediatric Oral and Maxillofacial Surgery Service,1900-01-01T00:00:00.000000+00:00,,true,3,2026-09-12T21:50:58.303823+00:00,databot,,
45,national,218,Paediatric Neurosurgery Service,1900-01-01T00:00:00.000000+00:00,,true,3,2026-09-12T21:50:58.303823+00:00,databot,,
46,national,219,Paediatric Plastic Surgery Service,1900-01-01T00:00:00.000000+00:00,,true,3,2026-09-12T21:50:58.303823+00:00,databot,,
47,national,220,Paediatric Burns Care Service,1900-01-01T00:00:00.000000+00:00,,true,3,2026-09-12T21:50:58.303823+00:00,databot,,
48,national,221,Paediatric Cardiac Surgery Service,1900-01-01T00:00:00.000000+00:00,,true,3,2026-09-12T21:50:58.303823+00:00,databot,,
49,national,222,Paediatric Thoracic Surgery Service,1900-01-01T00:00:00.000000+00:00,,true,3,2026-09-12T21:50:58.303823+00:00,databot,,
50,national,223,Paediatric Epilepsy Service,1900-01-01T00:00:00.000000+00:00,,true,3,2026-09-12T21:50:58.303823+00:00,databot,,
51,national,230,Paediatric Clinical Pharmacology Service,1900-01-01T00:00:00.000000+00:00,,true,3,2026-09-12T21:50:58.303823+00:00,databot,,
52,national,240,Paediatric Palliative Medicine Service,1900-01-01T00:00:00.000000+00:00,,true,3,2026-09-12T21:50:58.303823+00:00,databot,,
53,national,241,Paediatric Pain Management Service,1900-01-01T00:00:00.000000+00:00,,true,3,2026-09-12T21:50:58.303823+00:00,databot,,
54,national,242,Paediatric Intensive Care Service,1900-01-01T00:00:00.000000+00:00,,true,3,2026-09-12T21:50:58.303823+00:00,databot,,
55,national,250,Paediatric Hepatology Service,1900-01-01T00:00:00.000000+00:00,,true,3,2026-09-12T21:50:58.303823+00:00,databot,,
56,national,251,Paediatric Gastroenterology Service,1900-01-01T00:00:00.000000+00:00,,true,3,2026-09-12T21:50:58.303823+00:00,databot,,
57,national,252,Paediatric Endocrinology Service,1900-01-01T00:00:00.000000+00:00,,true,3,2026-09-12T21:50:58.303823+00:00,databot,,
58,national,253,Paediatric Clinical Haematology Service,1900-01-01T00:00:00.000000+00:00,,true,3,2026-09-12T21:50:58.303823+00:00,databot,,
59,national,254,Paediatric Audio Vestibular Medicine Service,1900-01-01T00:00:00.000000+00:00,,true,3,2026-09-12T21:50:58.303823+00:00,databot,,
60,national,255,Paediatric Clinical Immunology and Allergy Service,1900-01-01T00:00:00.000000+00:00,,true,3,2026-09-12T21:50:58.303823+00:00,databot,,
61,national,256,Paediatric Infectious Diseases Service,1900-01-01T00:00:00.000000+00:00,,true,3,2026-09-12T21:50:58.303823+00:00,databot,,
62,national,257,Paediatric Dermatology Service,1900-01-01T00:00:00.000000+00:00,,true,3,2026-09-12T21:50:58.303823+00:00,databot,,
63,national,258,Paediatric Respiratory Medicine Service,1900-01-01T00:00:00.000000+00:00,,true,3,2026-09-12T21:50:58.303823+00:00,databot,,
64,national,259,Paediatric Nephrology Service,1900-01-01T00:00:00.000000+00:00,,true,3,2026-09-12T21:50:58.303823+00:00,databot,,
65,national,260,Paediatric Medical Oncology Service,1900-01-01T00:00:00.000000+00:00,,true,3,2026-09-12T21:50:58.303823+00:00,databot,,
66,national,261,Paediatric Inherited Metabolic Medicine Service,1900-01-01T00:00:00.000000+00:00,,true,3,2026-09-12T21:50:58.303823+00:00,databot,,
67,national,262,Paediatric Rheumatology Service,1900-01-01T00:00:00.000000+00:00,,true,3,2026-09-12T21:50:58.303823+00:00,databot,,
68,national,263,Paediatric Diabetes Service,1900-01-01T00:00:00.000000+00:00,,true,3,2026-09-12T21:50:58.303823+00:00,databot,,
69,national,264,Paediatric Cystic Fibrosis Service,1900-01-01T00:00:00.000000+00:00,,true,3,2026-09-12T21:50:58.303823+00:00,databot,,
70,national,270,Paediatric Emergency Medicine Service,1900-01-01T00:00:00.000000+00:00,,true,3,2026-09-12T21:50:58.303823+00:00,databot,,
71,national,280,Paediatric Interventional Radiology Service,1900-01-01T00:00:00.000000+00:00,,true,3,2026-09-12T21:50:58.303823+00:00,databot,,
72,national,290,Community Paediatric Service,1900-01-01T00:00:00.000000+00:00,,true,3,2026-09-12T21:50:58.303823+00:00,databot,,
73,national,291,Paediatric Neurodisability Service,1900-01-01T00:00:00.000000+00:00,,true,3,2026-09-12T21:50:58.303823+00:00,databot,,
74,national,300,General Internal Medicine Service,1900-01-01T00:00:00.000000+00:00,,true,3,2026-09-12T21:50:58.303823+00:00,databot,,
75,national,301,Gastroenterology Service,1900-01-01T00:00:00.000000+00:00,,true,3,2026-09-12T21:50:58.303823+00:00,databot,,
76,national,302,Endocrinology Service,1900-01-01T00:00:00.000000+00:00,,true,3,2026-09-12T21:50:58.303823+00:00,databot,,
77,national,303,Clinical Haematology Service,1900-01-01T00:00:00.000000+00:00,,true,3,2026-09-12T21:50:58.303823+00:00,databot,,
78,national,304,Clinical Physiology Service,1900-01-01T00:00:00.000000+00:00,,true,3,2026-09-12T21:50:58.303823+00:00,databot,,
79,national,305,Clinical Pharmacology Service,1900-01-01T00:00:00.000000+00:00,,true,3,2026-09-12T21:50:58.303823+00:00,databot,,
80,national,306,Hepatology Service,1900-01-01T00:00:00.000000+00:00,,true,3,2026-09-12T21:50:58.303823+00:00,databot,,
81,national,307,Diabetes Service,1900-01-01T00:00:00.000000+00:00,,true,3,2026-09-12T21:50:58.303823+00:00,databot,,
82,national,308,Blood and Marrow Transplantation Service,1900-01-01T00:00:00.000000+00:00,,true,3,2026-09-12T21:50:58.303823+00:00,databot,,
83,national,309,Haemophilia Service,1900-01-01T00:00:00.000000+00:00,,true,3,2026-09-12T21:50:58.303823+00:00,databot,,
84,national,310,Audio Vestibular Medicine Service,1900-01-01T00:00:00.000000+00:00,,true,3,2026-09-12T21:50:58.303823+00:00,databot,,
85,national,311,Clinical Genetics Service,1900-01-01T00:00:00.000000+00:00,,true,3,2026-09-12T21:50:58.303823+00:00,databot,,
86,national,313,Clinical Immunology and Allergy Service,1900-01-01T00:00:00.000000+00:00,,true,3,2026-09-12T21:50:58.303823+00:00,databot,,
87,national,314,Rehabilitation Medicine Service,1900-01-01T00:00:00.000000+00:00,,true,3,2026-09-12T21:50:58.303823+00:00,databot,,
88,national,315,Palliative Medicine Service,1900-01-01T00:00:00.000000+00:00,,true,3,2026-09-12T21:50:58.303823+00:00,databot,,
89,national,316,Clinical Immunology Service,1900-01-01T00:00:00.000000+00:00,,true,3,2026-09-12T21:50:58.303823+00:00,databot,,
90,national,317,Allergy Service,1900-01-01T00:00:00.000000+00:00,,true,3,2026-09-12T21:50:58.303823+00:00,databot,,
91,national,318,Intermediate Care Service,1900-01-01T00:00:00.000000+00:00,,true,3,2026-09-12T21:50:58.303823+00:00,databot,,
92,national,319,Respite Care Service,1900-01-01T00:00:00.000000+00:00,,true,3,2026-09-12T21:50:58.303823+00:00,databot,,
93,national,320,Cardiology Service,1900-01-01T00:00:00.000000+00:00,,true,3,2026-09-12T21:50:58.303823+00:00,databot,,
94,national,321,Paediatric Cardiology Service,1900-01-01T00:00:00.000000+00:00,,true,3,2026-09-12T21:50:58.303823+00:00,databot,,
95,national,322,Clinical Microbiology Service,1900-01-01T00:00:00.000000+00:00,,true,3,2026-09-12T21:50:58.303823+00:00,databot,,
96,national,323,Spinal Injuries Service,1900-01-01T00:00:00.000000+00:00,,true,3,2026-09-12T21:50:58.303823+00:00,databot,,
97,national,324,Anticoagulant Service,1900-01-01T00:00:00.000000+00:00,,true,3,2026-09-12T21:50:58.303823+00:00,databot,,
98,national,325,Sport and Exercise Medicine Service,1900-01-01T00:00:00.000000+00:00,,true,3,2026-09-12T21:50:58.303823+00:00,databot,,
99,national,326,Acute Internal Medicine Service,1900-01-01T00:00:00.000000+00:00,,true,3,2026-09-12T21:50:58.303823+00:00,databot,,
100,national,327,Cardiac Rehabilitation Service,1900-01-01T00:00:00.000000+00:00,,true,3,2026-09-12T21:50:58.303823+00:00,databot,,
101,national,328,Stroke Medicine Service,1900-01-01T00:00:00.000000+00:00,,true,3,2026-09-12T21:50:58.303823+00:00,databot,,
102,national,329,Transient Ischaemic Attack Service,1900-01-01T00:00:00.000000+00:00,,true,3,2026-09-12T21:50:58.303823+00:00,databot,,
103,national,330,Dermatology Service,1900-01-01T00:00:00.000000+00:00,,true,3,2026-09-12T21:50:58.303823+00:00,databot,,
104,national,331,Congenital Heart Disease Service,1900-01-01T00:00:00.000000+00:00,,true,3,2026-09-12T21:50:58.303823+00:00,databot,,
105,national,333,Rare Disease Service,1900-01-01T00:00:00.000000+00:00,,true,3,2026-09-12T21:50:58.303823+00:00,databot,,
106,national,335,Inherited Metabolic Medicine Service,1900-01-01T00:00:00.000000+00:00,,true,3,2026-09-12T21:50:58.303823+00:00,databot,,
107,national,340,Respiratory Medicine Service,1900-01-01T00:00:00.000000+00:00,,true,3,2026-09-12T21:50:58.303823+00:00,databot,,
108,national,341,Respiratory Physiology Service,1900-01-01T00:00:00.000000+00:00,,true,3,2026-09-12T21:50:58.303823+00:00,databot,,
109,national,342,Pulmonary Rehabilitation Service,1900-01-01T00:00:00.000000+00:00,,true,3,2026-09-12T21:50:58.303823+00:00,databot,,
110,national,343,Adult Cystic Fibrosis Service,1900-01-01T00:00:00.000000+00:00,,true,3,2026-09-12T21:50:58.303823+00:00,databot,,
111,national,344,Complex Specialised Rehabilitation Service,1900-01-01T00:00:00.000000+00:00,,true,3,2026-09-12T21:50:58.303823+00:00,databot,,
112,national,345,Specialist Rehabilitation Service,1900-01-01T00:00:00.000000+00:00,,true,3,2026-09-12T21:50:58.303823+00:00,databot,,
113,national,346,Local Specialist Rehabilitation Service,1900-01-01T00:00:00.000000+00:00,,true,3,2026-09-12T21:50:58.303823+00:00,databot,,
114,national,347,Sleep Medicine Service,1900-01-01T00:00:00.000000+00:00,,true,3,2026-09-12T21:50:58.303823+00:00,databot,,
115,national,348,Post-COVID-19 Syndrome Service,1900-01-01T00:00:00.000000+00:00,,true,3,2026-09-12T21:50:58.303823+00:00,databot,,
116,national,350,Infectious Diseases Service,1900-01-01T00:00:00.000000+00:00,,true,3,2026-09-12T21:50:58.303823+00:00,databot,,
117,national,352,Tropical Medicine Service,1900-01-01T00:00:00.000000+00:00,,true,3,2026-09-12T21:50:58.303823+00:00,databot,,
118,national,360,Genitourinary Medicine Service,1900-01-01T00:00:00.000000+00:00,,true,3,2026-09-12T21:50:58.303823+00:00,databot,,
119,national,361,Renal Medicine Service,1900-01-01T00:00:00.000000+00:00,,true,3,2026-09-12T21:50:58.303823+00:00,databot,,
120,national,370,Medical Oncology Service,1900-01-01T00:00:00.000000+00:00,,true,3,2026-09-12T21:50:58.303823+00:00,databot,,
121,national,371,Nuclear Medicine Service,1900-01-01T00:00:00.000000+00:00,,true,3,2026-09-12T21:50:58.303823+00:00,databot,,
122,national,400,Neurology Service,1900-01-01T00:00:00.000000+00:00,,true,3,2026-09-12T21:50:58.303823+00:00,databot,,
123,national,401,Clinical Neurophysiology Service,1900-01-01T00:00:00.000000+00:00,,true,3,2026-09-12T21:50:58.303823+00:00,databot,,
124,national,410,Rheumatology Service,1900-01-01T00:00:00.000000+00:00,,true,3,2026-09-12T21:50:58.303823+00:00,databot,,
125,national,420,Paediatric Service,1900-01-01T00:00:00.000000+00:00,,true,3,2026-09-12T21:50:58.303823+00:00,databot,,
126,national,421,Paediatric Neurology Service,1900-01-01T00:00:00.000000+00:00,,true,3,2026-09-12T21:50:58.303823+00:00,databot,,
127,national,422,Neonatal Critical Care Service,1900-01-01T00:00:00.000000+00:00,,true,3,2026-09-12T21:50:58.303823+00:00,databot,,
128,national,424,Well Baby Service,1900-01-01T00:00:00.000000+00:00,,true,3,2026-09-12T21:50:58.303823+00:00,databot,,
129,national,430,Elderly Medicine Service,1900-01-01T00:00:00.000000+00:00,,true,3,2026-09-12T21:50:58.303823+00:00,databot,,
130,national,431,Orthogeriatric Medicine Service,1900-01-01T00:00:00.000000+00:00,,true,3,2026-09-12T21:50:58.303823+00:00,databot,,
131,national,450,Dental Medicine Service,1900-01-01T00:00:00.000000+00:00,,true,3,2026-09-12T21:50:58.303823+00:00,databot,,
132,national,451,Special Care Dentistry Service,1900-01-01T00:00:00.000000+00:00,,true,3,2026-09-12T21:50:58.303823+00:00,databot,,
133,national,460,Medical Ophthalmology Service,1900-01-01T00:00:00.000000+00:00,,true,3,2026-09-12T21:50:58.303823+00:00,databot,,
134,national,461,Ophthalmic and Vision Science Service,1900-01-01T00:00:00.000000+00:00,,true,3,2026-09-12T21:50:58.303823+00:00,databot,,
135,national,501,Obstetrics Service,1900-01-01T00:00:00.000000+00:00,,true,3,2026-09-12T21:50:58.303823+00:00,databot,,
136,national,502,Gynaecology Service,1900-01-01T00:00:00.000000+00:00,,true,3,2026-09-12T21:50:58.303823+00:00,databot,,
137,national,503,Gynaecological Oncology Service,1900-01-01T00:00:00.000000+00:00,,true,3,2026-09-12T21:50:58.303823+00:00,databot,,
138,national,504,Community Sexual and Reproductive Health Service,1900-01-01T00:00:00.000000+00:00,,true,3,2026-09-12T21:50:58.303823+00:00,databot,,
139,national,505,Fetal Medicine Service,1900-01-01T00:00:00.000000+00:00,,true,3,2026-09-12T21:50:58.303823+00:00,databot,,
140,national,510,Retired but retained for historical purposes,1900-01-01T00:00:00.000000+00:00,,true,3,2026-09-12T21:50:58.303823+00:00,databot,,
141,national,520,Retired but retained for historical purposes,1900-01-01T00:00:00.000000+00:00,,true,3,2026-09-12T21:50:58.303823+00:00,databot,,
142,national,560,Midwifery Service,1900-01-01T00:00:00.000000+00:00,,true,3,2026-09-12T21:50:58.303823+00:00,databot,,
143,national,610,Retired but retained for historical purposes,1900-01-01T00:00:00.000000+00:00,,true,3,2026-09-12T21:50:58.303823+00:00,databot,,
144,national,620,Retired but retained for historical purposes,1900-01-01T00:00:00.000000+00:00,,true,3,2026-09-12T21:50:58.303823+00:00,databot,,
145,national,650,Physiotherapy Service,1900-01-01T00:00:00.000000+00:00,,true,3,2026-09-12T21:50:58.303823+00:00,databot,,
146,national,651,Occupational Therapy Service,1900-01-01T00:00:00.000000+00:00,,true,3,2026-09-12T21:50:58.303823+00:00,databot,,
147,national,652,Speech and Language Therapy Service,1900-01-01T00:00:00.000000+00:00,,true,3,2026-09-12T21:50:58.303823+00:00,databot,,
148,national,653,Podiatry Service,1900-01-01T00:00:00.000000+00:00,,true,3,2026-09-12T21:50:58.303823+00:00,databot,,
149,national,654,Dietetics Service,1900-01-01T00:00:00.000000+00:00,,true,3,2026-09-12T21:50:58.303823+00:00,databot,,
150,national,655,Orthoptics Service,1900-01-01T00:00:00.000000+00:00,,true,3,2026-09-12T21:50:58.303823+00:00,databot,,
151,national,656,Clinical Psychology Service,1900-01-01T00:00:00.000000+00:00,,true,3,2026-09-12T21:50:58.303823+00:00,databot,,
152,national,657,Prosthetics Service,1900-01-01T00:00:00.000000+00:00,,true,3,2026-09-12T21:50:58.303823+00:00,databot,,
153,national,658,Orthotics Service,1900-01-01T00:00:00.000000+00:00,,true,3,2026-09-12T21:50:58.303823+00:00,databot,,
154,national,659,Dramatherapy Service,1900-01-01T00:00:00.000000+00:00,,true,3,2026-09-12T21:50:58.303823+00:00,databot,,
155,national,660,Art Therapy Service,1900-01-01T00:00:00.000000+00:00,,true,3,2026-09-12T21:50:58.303823+00:00,databot,,
156,national,661,Music Therapy Service,1900-01-01T00:00:00.000000+00:00,,true,3,2026-09-12T21:50:58.303823+00:00,databot,,
157,national,662,Optometry Service,1900-01-01T00:00:00.000000+00:00,,true,3,2026-09-12T21:50:58.303823+00:00,databot,,
158,national,663,Podiatric Surgery Service,1900-01-01T00:00:00.000000+00:00,,true,3,2026-09-12T21:50:58.303823+00:00,databot,,
159,national,670,Urological Physiology Service,1900-01-01T00:00:00.000000+00:00,,true,3,2026-09-12T21:50:58.303823+00:00,databot,,
160,national,673,Vascular Physiology Service,1900-01-01T00:00:00.000000+00:00,,true,3,2026-09-12T21:50:58.303823+00:00,databot,,
161,national,675,Cardiac Physiology Service,1900-01-01T00:00:00.000000+00:00,,true,3,2026-09-12T21:50:58.303823+00:00,databot,,
162,national,677,Gastrointestinal Physiology Service,1900-01-01T00:00:00.000000+00:00,,true,3,2026-09-12T21:50:58.303823+00:00,databot,,
163,national,700,Learning Disability Service,1900-01-01T00:00:00.000000+00:00,,true,3,2026-09-12T21:50:58.303823+00:00,databot,,
164,national,710,Adult Mental Health Service,1900-01-01T00:00:00.000000+00:00,,true,3,2026-09-12T21:50:58.303823+00:00,databot,,
165,national,711,Child and Adolescent Psychiatry Service,1900-01-01T00:00:00.000000+00:00,,true,3,2026-09-12T21:50:58.303823+00:00,databot,,
166,national,712,Forensic Psychiatry Service,1900-01-01T00:00:00.000000+00:00,,true,3,2026-09-12T21:50:58.303823+00:00,databot,,
167,national,713,Medical Psychotherapy Service,1900-01-01T00:00:00.000000+00:00,,true,3,2026-09-12T21:50:58.303823+00:00,databot,,
168,national,715,Old Age Psychiatry Service,1900-01-01T00:00:00.000000+00:00,,true,3,2026-09-12T21:50:58.303823+00:00,databot,,
169,national,720,Eating Disorders Service,1900-01-01T00:00:00.000000+00:00,,true,3,2026-09-12T21:50:58.303823+00:00,databot,,
170,national,721,Addiction Service,1900-01-01T00:00:00.000000+00:00,,true,3,2026-09-12T21:50:58.303823+00:00,databot,,
171,national,722,Liaison Psychiatry Service,1900-01-01T00:00:00.000000+00:00,,true,3,2026-09-12T21:50:58.303823+00:00,databot,,
172,national,723,Psychiatric Intensive Care Service,1900-01-01T00:00:00.000000+00:00,,true,3,2026-09-12T21:50:58.303823+00:00,databot,,
173,national,724,Perinatal Mental Health Service,1900-01-01T00:00:00.000000+00:00,,true,3,2026-09-12T21:50:58.303823+00:00,databot,,
174,national,725,Mental Health Recovery and Rehabilitation Service,1900-01-01T00:00:00.000000+00:00,,true,3,2026-09-12T21:50:58.303823+00:00,databot,,
175,national,726,Mental Health Dual Diagnosis Service,1900-01-01T00:00:00.000000+00:00,,true,3,2026-09-12T21:50:58.303823+00:00,databot,,
176,national,727,Dementia Assessment Service,1900-01-01T00:00:00.000000+00:00,,true,3,2026-09-12T21:50:58.303823+00:00,databot,,
177,national,730,Neuropsychiatry Service,1900-01-01T00:00:00.000000+00:00,,true,3,2026-09-12T21:50:58.303823+00:00,databot,,
178,national,800,Clinical Oncology Service,1900-01-01T00:00:00.000000+00:00,,true,3,2026-09-12T21:50:58.303823+00:00,databot,,
179,national,811,Interventional Radiology Service,1900-01-01T00:00:00.000000+00:00,,true,3,2026-09-12T21:50:58.303823+00:00,databot,,
180,national,812,Diagnostic Imaging Service,1900-01-01T00:00:00.000000+00:00,,true,3,2026-09-12T21:50:58.303823+00:00,databot,,
181,national,822,Chemical Pathology Service,1900-01-01T00:00:00.000000+00:00,,true,3,2026-09-12T21:50:58.303823+00:00,databot,,
182,national,832,Retired but retained for historical purposes,1900-01-01T00:00:00.000000+00:00,,true,3,2026-09-12T21:50:58.303823+00:00,databot,,
183,national,834,Medical Virology Service,1900-01-01T00:00:00.000000+00:00,,true,3,2026-09-12T21:50:58.303823+00:00,databot,,
184,national,840,Audiology Service,1900-01-01T00:00:00.000000+00:00,,true,3,2026-09-12T21:50:58.303823+00:00,databot,,
185,national,920,Diabetic Education Service,1900-01-01T00:00:00.000000+00:00,,true,3,2026-09-12T21:50:58.303823+00:00,databot,,
186,national,990,Retired but retained for historical purposes,1900-01-01T00:00:00.000000+00:00,,true,3,2026-09-12T21:50:58.303823+00:00,databot,,
1,default,199,"Non-UK provider; TREATMENT FUNCTION not known, treatment mainly surgical",1900-01-01T00:00:00.000000+00:00,,true,3,2026-09-12T21:50:58.303823+00:00,databot,,
2,default,499,"Non-UK provider; TREATMENT FUNCTION not known, treatment mainly medical",1900-01-01T00:00:00.000000+00:00,,true,3,2026-09-12T21:50:58.303823+00:00,databot,,
